{"train_loss": 0.22419296843664988, "_timestamp": 1717606501.4789581, "_runtime": 1766.1045980453491, "_step": 4000, "train_acc": 0.9840995506394746, "train_f1": 0.9614740368509213, "train_auc": 0.982392214820305, "train_mcc": 0.9517173777822314, "val_acc": 0.9840995506394746, "val_f1": 0.9614740368509213, "val_auc": 0.982392214820305, "val_loss": 0.5315911124149958, "val_mcc": 0.9517173777822314, "test_accuracy": 0.9840995506394746, "test_f1": 0.9614740368509213, "test_auc": 0.982392214820305, "test_loss": 0.17464897202120888, "test_mcc": 0.9517173777822314, "_wandb": {"runtime": 1765}}