{"train_loss": 0.4791398985045297, "_timestamp": 1717604100.2435677, "_runtime": 466.817599773407, "_step": 4000, "train_acc": 0.714483235395783, "train_f1": 0.05707762557077625, "train_auc": 0.787528896166442, "train_mcc": 0.12589325968997292, "val_acc": 0.714483235395783, "val_f1": 0.05707762557077625, "val_auc": 0.787528896166442, "val_loss": 1.1575774649779003, "val_mcc": 0.12589325968997292, "test_accuracy": 0.714483235395783, "test_f1": 0.05707762557077625, "test_auc": 0.787528896166442, "test_loss": 0.38509313265482586, "test_mcc": 0.12589325968997292, "_wandb": {"runtime": 466}}