{"train_loss": 0.3258392395717757, "_timestamp": 1717606723.8544717, "_runtime": 1785.4780626296997, "_step": 4000, "train_acc": 0.9858278603525752, "train_f1": 0.6306306306306306, "train_auc": 0.9928271518544436, "train_mcc": 0.6737356641362344, "val_acc": 0.9858278603525752, "val_f1": 0.6306306306306306, "val_auc": 0.9928271518544436, "val_loss": 0.676097184419632, "val_mcc": 0.6737356641362344, "test_accuracy": 0.9858278603525752, "test_f1": 0.6306306306306306, "test_auc": 0.9928271518544436, "test_loss": 0.2746361485785908, "test_mcc": 0.6737356641362344, "_wandb": {"runtime": 1784}}