{"train_loss": 0.29322281054088045, "_timestamp": 1717606892.4395509, "_runtime": 1711.191564798355, "_step": 4000, "train_acc": 0.9830625648116142, "train_f1": 0.5882352941176471, "train_auc": 0.9914275717284814, "train_mcc": 0.6399398225148996, "val_acc": 0.9830625648116142, "val_f1": 0.5882352941176471, "val_auc": 0.9914275717284814, "val_loss": 0.7236734082301458, "val_mcc": 0.6399398225148996, "test_accuracy": 0.9830625648116142, "test_f1": 0.5882352941176471, "test_auc": 0.9914275717284814, "test_loss": 0.21955632170041403, "test_mcc": 0.6399398225148996, "_wandb": {"runtime": 1710}}