{"train_loss": 0.6467983552387783, "_timestamp": 1717604541.4609253, "_runtime": 449.18719244003296, "_step": 4000, "train_acc": 0.67646042170757, "train_f1": 0.376, "train_auc": 0.6036399088099582, "train_mcc": 0.1791981938857445, "val_acc": 0.67646042170757, "val_f1": 0.376, "val_auc": 0.6036399088099582, "val_loss": 1.5081426501274109, "val_mcc": 0.1791981938857445, "test_accuracy": 0.67646042170757, "test_f1": 0.376, "test_auc": 0.6036399088099582, "test_loss": 0.504332443078359, "test_mcc": 0.1791981938857445, "_wandb": {"runtime": 448}}