{"train_loss": 0.546745023557118, "_timestamp": 1717603845.9508722, "_runtime": 461.4589502811432, "_step": 4000, "train_acc": 0.8219840995506394, "train_f1": 0.07871198568872988, "train_auc": 0.7264620613815855, "train_mcc": 0.1285708195962399, "val_acc": 0.8219840995506394, "val_f1": 0.07871198568872988, "val_auc": 0.7264620613815855, "val_loss": 1.2464357217152913, "val_mcc": 0.1285708195962399, "test_accuracy": 0.8219840995506394, "test_f1": 0.07871198568872988, "test_auc": 0.7264620613815855, "test_loss": 0.4135168260998196, "test_mcc": 0.1285708195962399, "_wandb": {"runtime": 460}}