{"train_loss": 0.13550788909196854, "_timestamp": 1717610593.3807583, "_runtime": 463.2056233882904, "_step": 4000, "train_acc": 0.9681991012789491, "train_f1": 0.3698630136986301, "train_auc": 0.949804950876517, "train_mcc": 0.4549221373872131, "val_acc": 0.9681991012789491, "val_f1": 0.3698630136986301, "val_auc": 0.949804950876517, "val_loss": 0.28094304849704105, "val_mcc": 0.4549221373872131, "test_accuracy": 0.9681991012789491, "test_f1": 0.3698630136986301, "test_auc": 0.949804950876517, "test_loss": 0.0951754285229577, "test_mcc": 0.4549221373872131, "_wandb": {"runtime": 462}}