{"train_loss": 0.4434614820139749, "_timestamp": 1717610557.1928606, "_runtime": 442.22642850875854, "_step": 4000, "train_acc": 0.7742827514690632, "train_f1": 0.5762491888384166, "train_auc": 0.7680896988095289, "train_mcc": 0.4582517747197961, "val_acc": 0.7742827514690632, "val_f1": 0.5762491888384166, "val_auc": 0.7680896988095289, "val_loss": 1.0335920254389446, "val_mcc": 0.4582517747197961, "test_accuracy": 0.7742827514690632, "test_f1": 0.5762491888384166, "test_auc": 0.7680896988095289, "test_loss": 0.34387551413642037, "test_mcc": 0.4582517747197961, "_wandb": {"runtime": 441}}