{"train_loss": 0.17390309274196625, "_timestamp": 1717610652.5292022, "_runtime": 438.9423532485962, "_step": 4000, "train_acc": 0.9592118907708261, "train_f1": 0.3655913978494624, "train_auc": 0.9652454263720884, "train_mcc": 0.45735669793013844, "val_acc": 0.9592118907708261, "val_f1": 0.3655913978494624, "val_auc": 0.9652454263720884, "val_loss": 0.392662172516187, "val_mcc": 0.45735669793013844, "test_accuracy": 0.9592118907708261, "test_f1": 0.3655913978494624, "test_auc": 0.9652454263720884, "test_loss": 0.13324598719676337, "test_mcc": 0.45735669793013844, "_wandb": {"runtime": 438}}